LG,TM,LAST,FIRST,IMAG AB,IMAG H,IMAG 2B,IMAG 3B,IMAG HR,IMAG RBI,IMAG AVG,IMAG BB,IMAG K,IMAG SB,IMAG CS,IMAG OBP,IMAG SLG,IMAG OPS
AL,BO,Alberto,Hanser,613,173,36,0,11,59,0.282,17,75,6,2,0.305,0.395,0.700
AL,BO,Davis,Chris,138,22,6,0,4,12,0.159,14,54,0,0,0.242,0.290,0.532
AL,BO,Hays,Austin,348,91,11,0,13,39,0.261,23,76,6,6,0.310,0.405,0.715
AL,BO,Herrera,Dilson,15,2,0,0,0,1,0.133,1,7,0,0,0.235,0.133,0.368
AL,BO,Holaday,Bryan,84,18,4,0,2,10,0.214,6,19,0,0,0.275,0.333,0.608
AL,BO,Iglesias,Jose,396,124,36,0,9,55,0.313,12,51,4,2,0.341,0.472,0.813
AL,BO,Mountcastle,Ryan,360,108,16,0,14,57,0.300,25,87,0,1,0.345,0.461,0.806
AL,BO,Mullins,Cedric,388,96,16,4,11,35,0.247,27,87,17,3,0.301,0.394,0.695
AL,BO,Nunez,Renato,542,137,25,0,35,88,0.253,47,169,0,0,0.320,0.493,0.813
AL,BO,Ruiz,Rio,512,119,28,0,18,79,0.232,51,132,3,4,0.302,0.393,0.695
AL,BO,Santander,Anthony,428,112,29,2,24,73,0.262,28,82,2,3,0.315,0.507,0.822
AL,BO,Severino,Pedro,443,112,14,1,14,61,0.253,43,103,5,0,0.324,0.384,0.708
AL,BO,Sisco,Chance,281,62,11,0,11,31,0.221,38,106,0,0,0.338,0.377,0.715
AL,BO,Smith Jr,Dwight,178,42,9,0,7,20,0.236,17,46,3,0,0.305,0.404,0.709
AL,BO,Stewart,DJ,263,59,10,0,18,41,0.224,44,88,3,1,0.346,0.468,0.814
AL,BO,Urias,Ramon,68,20,4,0,3,7,0.294,6,17,0,0,0.360,0.485,0.845
AL,BO,Valaika,Pat,390,99,12,0,20,48,0.254,24,106,0,2,0.299,0.438,0.737
AL,BO,Velazquez,Andrew,189,38,6,2,2,15,0.201,19,59,9,4,0.278,0.286,0.564
AL,BO,Williams,Mason,47,10,1,1,1,3,0.213,2,15,0,1,0.245,0.340,0.585
AL,BR,Arauz,Jonathan,204,49,8,1,4,23,0.240,17,49,2,1,0.302,0.348,0.650
AL,BR,Arroyo,Christian,139,35,6,0,6,20,0.252,9,32,0,0,0.302,0.424,0.726
AL,BR,Benintendi,Andrew,119,25,6,1,3,11,0.210,21,37,3,3,0.338,0.353,0.691
AL,BR,Bogaerts,Xander,561,162,33,0,28,87,0.289,63,117,12,1,0.362,0.497,0.859
AL,BR,Bradley Jr,Jackie,533,139,30,0,16,69,0.261,61,148,10,4,0.345,0.407,0.752
AL,BR,Chavis,Michael,402,92,13,5,17,56,0.229,28,139,6,0,0.283,0.413,0.696
AL,BR,Dalbec,Bobby,225,54,8,1,18,39,0.240,25,97,2,1,0.327,0.524,0.851
AL,BR,Devers,Rafael,641,178,43,1,29,110,0.278,44,157,4,3,0.329,0.484,0.813
AL,BR,Grullon,Deivy,9,2,0,0,0,2,0.222,2,3,0,0,0.364,0.222,0.586
AL,BR,Lin,Tzu-Wei,144,30,6,0,1,12,0.208,9,41,2,1,0.255,0.271,0.526
AL,BR,Martinez,J.D.,586,144,39,0,30,90,0.246,63,163,2,0,0.320,0.466,0.786
AL,BR,Moreland,Mitch,192,53,9,0,15,40,0.276,25,52,0,0,0.365,0.557,0.922
AL,BR,Munoz,Yairo,121,37,9,0,3,13,0.306,4,29,4,1,0.333,0.455,0.788
AL,BR,Peraza,Jose,309,78,19,2,3,28,0.252,16,46,6,4,0.299,0.356,0.655
AL,BR,Pillar,Kevin,329,91,19,3,11,41,0.277,17,58,5,3,0.320,0.453,0.773
AL,BR,Plawecki,Kevin,225,64,14,1,4,38,0.284,17,45,1,0,0.348,0.409,0.757
AL,BR,Puello,Cesar,26,7,1,0,0,2,0.269,4,7,0,0,0.387,0.308,0.695
AL,BR,Vazquez,Christian,487,134,19,0,17,63,0.275,36,113,7,3,0.328,0.419,0.747
AL,BR,Verdugo,Alex,555,172,40,2,16,58,0.310,50,107,9,2,0.369,0.476,0.845
AL,CH,Abreu,Jose,671,197,41,0,45,142,0.294,48,158,2,0,0.350,0.556,0.906
AL,CH,Anderson,Tim,583,176,33,4,25,66,0.302,29,140,16,5,0.338,0.501,0.839
AL,CH,Collins,Zack,43,7,2,0,1,4,0.163,6,15,0,0,0.265,0.279,0.544
AL,CH,Cuthbert,Cheslor,3,0,0,0,0,0,0.000,0,0,0,0,0.000,0.000,0.000
AL,CH,Delmonico,Nicky,54,11,2,0,1,8,0.204,6,11,0,0,0.283,0.296,0.579
AL,CH,Dyson,Jarrod,28,7,1,0,0,2,0.250,2,5,3,0,0.300,0.286,0.586
AL,CH,Encarnacion,Edwin,437,88,17,0,30,70,0.201,55,132,0,0,0.302,0.446,0.748
AL,CH,Engel,Adam,242,59,12,1,7,28,0.244,14,66,5,1,0.299,0.388,0.687
AL,CH,Garcia,Leury,164,44,6,1,5,19,0.268,9,35,2,1,0.310,0.409,0.719
AL,CH,Goins,Ryan,25,4,1,0,0,2,0.160,2,6,0,0,0.222,0.200,0.422
AL,CH,Gonzalez,Luis,5,1,0,0,0,0,0.200,0,2,0,0,0.333,0.200,0.533
AL,CH,Grandal,Yasmani,451,103,19,0,23,73,0.228,84,147,1,0,0.349,0.424,0.773
AL,CH,Jimenez,Eloy,587,170,34,0,38,109,0.290,40,152,0,0,0.336,0.542,0.878
AL,CH,Madrigal,Nick,282,89,12,0,0,31,0.316,15,18,10,4,0.361,0.358,0.719
AL,CH,Mazara,Nomar,380,91,19,0,11,48,0.239,30,111,1,1,0.305,0.376,0.681
AL,CH,McCann,James,279,73,10,0,14,40,0.262,20,82,1,1,0.318,0.448,0.766
AL,CH,Mendick,Danny,292,70,11,2,10,23,0.240,23,65,4,4,0.297,0.394,0.691
AL,CH,Mercedes,Yermin,3,0,0,0,0,0,0.000,0,0,0,0,0.000,0.000,0.000
AL,CH,Moncada,Yoan,563,142,24,4,22,72,0.252,68,189,6,3,0.334,0.426,0.760
AL,CH,Robert,Luis,580,144,25,3,28,86,0.248,45,186,27,10,0.308,0.447,0.755
AL,CH,Sanchez,Yolmer,50,14,5,0,1,4,0.280,8,13,1,0,0.379,0.440,0.819
AL,CI,Allen,Greg,71,15,3,0,1,8,0.211,3,20,3,0,0.253,0.296,0.549
AL,CI,Chang,Yu,32,6,1,0,1,3,0.188,4,10,0,0,0.278,0.313,0.591
AL,CI,DeShields,Delino,295,71,10,2,0,24,0.241,29,87,14,4,0.313,0.288,0.601
AL,CI,Freeman,Mike,105,24,6,0,0,10,0.229,10,31,0,0,0.300,0.286,0.586
AL,CI,Hedges,Austin,32,5,1,0,1,3,0.156,2,11,0,0,0.206,0.281,0.487
AL,CI,Hernandez,Cesar,651,180,43,0,12,56,0.276,69,148,6,3,0.351,0.398,0.749
AL,CI,Johnson,Daniel,33,7,1,0,1,3,0.212,2,10,1,0,0.257,0.333,0.590
AL,CI,Leon,Sandy,192,36,6,0,5,18,0.188,28,57,0,0,0.297,0.297,0.594
AL,CI,Lindor,Francisco,666,186,39,0,29,91,0.279,63,114,18,6,0.346,0.468,0.814
AL,CI,Luplow,Jordan,221,50,11,1,8,28,0.226,28,56,3,1,0.318,0.394,0.712
AL,CI,Mercado,Oscar,236,48,6,0,6,21,0.203,17,61,9,3,0.260,0.305,0.565
AL,CI,Naquin,Tyler,369,94,25,3,13,55,0.255,18,101,2,1,0.290,0.444,0.734
AL,CI,Naylor,Josh,168,42,7,0,4,15,0.250,13,28,1,0,0.308,0.363,0.671
AL,CI,Perez,Roberto,269,51,9,0,8,26,0.190,32,98,0,0,0.285,0.312,0.597
AL,CI,Ramirez,Jose,610,168,42,4,39,115,0.275,83,112,27,8,0.366,0.549,0.915
AL,CI,Reyes,Franmil,603,159,28,0,37,103,0.264,61,193,0,0,0.326,0.494,0.820
AL,CI,Santana,Carlos,584,134,25,0,26,88,0.229,118,114,2,0,0.361,0.406,0.767
AL,CI,Santana,Domingo,200,43,9,0,8,32,0.215,31,72,1,1,0.326,0.380,0.706
AL,CI,Taylor,Beau,58,9,2,0,1,6,0.155,7,22,0,0,0.246,0.241,0.487
AL,CI,Zimmer,Bradley,115,23,4,0,4,12,0.200,15,43,5,2,0.317,0.339,0.656
AL,DT,Alcantara,Sergio,63,13,2,1,1,5,0.206,6,13,1,0,0.275,0.317,0.592
AL,DT,Bonifacio,Jorge,256,59,9,1,8,37,0.230,17,75,2,1,0.283,0.367,0.650
AL,DT,Cabrera,Miguel,614,156,18,0,24,90,0.254,70,147,1,0,0.331,0.401,0.732
AL,DT,Cameron,Daz,161,34,5,2,3,15,0.211,12,52,4,1,0.274,0.323,0.597
AL,DT,Candelario,Jeimer,545,150,32,8,24,79,0.275,61,148,4,1,0.356,0.495,0.851
AL,DT,Castro,Harold,150,45,8,1,0,10,0.300,9,33,1,1,0.344,0.367,0.711
AL,DT,Castro,Willi,381,111,17,5,13,54,0.291,20,101,6,4,0.330,0.465,0.795
AL,DT,Cron,C.J.,135,32,8,0,10,24,0.237,16,39,0,0,0.331,0.519,0.850
AL,DT,Demeritte,Travis,88,18,4,0,3,11,0.205,9,36,0,0,0.286,0.352,0.638
AL,DT,Dixon,Brandon,39,7,2,0,1,5,0.179,3,13,0,0,0.238,0.308,0.546
AL,DT,Goodrum,Niko,476,101,26,4,15,58,0.212,52,180,15,4,0.288,0.378,0.666
AL,DT,Greiner,Grayson,149,26,6,0,7,21,0.174,12,51,0,0,0.245,0.356,0.601
AL,DT,Haase,Eric,51,10,1,0,2,7,0.196,4,19,0,0,0.241,0.333,0.574
AL,DT,Hill,Derek,33,6,1,0,1,2,0.182,2,13,1,0,0.229,0.303,0.532
AL,DT,Jones,JaCoby,290,72,20,2,12,36,0.248,22,99,5,3,0.314,0.455,0.769
AL,DT,Lugo,Dawel,31,8,1,0,0,3,0.258,2,5,0,0,0.303,0.290,0.593
AL,DT,Maybin,Cameron,121,29,8,0,3,10,0.240,13,34,2,1,0.319,0.380,0.699
AL,DT,Paredes,Isaac,295,70,15,1,7,29,0.237,25,61,2,1,0.303,0.366,0.669
AL,DT,Reyes,Victor,605,167,23,6,12,51,0.276,30,131,21,5,0.313,0.393,0.706
AL,DT,Romine,Austin,383,94,16,0,13,49,0.245,15,110,0,0,0.274,0.389,0.663
AL,DT,Schoop,Jonathan,484,129,17,2,25,70,0.267,25,119,0,0,0.311,0.465,0.776
AL,DT,Stewart,Christin,264,56,12,0,12,34,0.212,24,81,0,0,0.285,0.394,0.679
AL,HA,Altuve,Jose,533,141,27,1,18,63,0.265,48,97,11,7,0.331,0.420,0.751
AL,HA,Alvarez,Yordan,22,6,1,0,2,7,0.273,2,5,0,0,0.360,0.591,0.951
AL,HA,Brantley,Michael,472,142,38,0,13,67,0.301,47,70,5,0,0.368,0.464,0.832
AL,HA,Bregman,Alex,421,111,31,1,19,70,0.264,72,68,3,1,0.376,0.477,0.853
AL,HA,Correa,Carlos,546,145,26,0,22,86,0.266,55,136,2,0,0.337,0.434,0.771
AL,HA,Diaz,Aledmys,153,39,10,0,7,18,0.255,8,28,0,0,0.296,0.458,0.754
AL,HA,Garneau,Dustin,111,21,3,1,3,14,0.189,13,38,0,0,0.286,0.315,0.601
AL,HA,Gurriel,Yuli,590,155,38,2,23,77,0.263,33,74,1,1,0.302,0.451,0.753
AL,HA,Jones,Taylor,56,12,3,0,2,7,0.214,4,18,0,0,0.267,0.375,0.642
AL,HA,Maldonado,Martin,390,84,13,0,15,56,0.215,50,128,1,0,0.317,0.364,0.681
AL,HA,Mayfield,Jack,120,26,5,0,3,13,0.217,7,34,1,0,0.265,0.333,0.598
AL,HA,Reddick,Josh,529,132,29,4,13,68,0.250,56,106,4,0,0.321,0.393,0.714
AL,HA,Springer,George,534,143,22,2,34,85,0.268,69,115,5,3,0.359,0.507,0.866
AL,HA,Straw,Myles,220,53,9,0,0,19,0.241,18,54,15,6,0.301,0.282,0.583
AL,HA,Stubbs,Garrett,24,5,1,0,0,3,0.208,1,4,0,1,0.214,0.250,0.464
AL,HA,Toro,Abraham,244,48,9,1,8,26,0.197,15,60,2,1,0.271,0.340,0.611
AL,HA,Tucker,Kyle,576,153,29,10,26,109,0.266,52,139,24,4,0.329,0.486,0.815
AL,KC,Cordero,Franchy,106,24,6,1,4,16,0.226,9,28,2,1,0.293,0.415,0.708
AL,KC,Dozier,Hunter,454,109,19,3,21,54,0.240,62,136,7,0,0.335,0.434,0.769
AL,KC,Franco,Maikel,618,163,41,0,28,99,0.264,46,99,1,0,0.312,0.466,0.778
AL,KC,Gallagher,Cam,150,39,9,0,3,12,0.260,13,29,0,0,0.323,0.380,0.703
AL,KC,Gordon,Alex,458,104,17,0,13,42,0.227,44,103,3,0,0.309,0.349,0.658
AL,KC,Gutierrez,Kelvin,29,6,1,0,0,2,0.207,4,11,0,0,0.303,0.241,0.544
AL,KC,Heath,Nick,42,9,2,0,0,6,0.214,5,16,4,3,0.313,0.262,0.575
AL,KC,Hernandez,Oscar,10,3,0,0,0,1,0.300,0,3,0,0,0.300,0.300,0.600
AL,KC,Lopez,Nicky,480,112,25,3,1,43,0.233,44,88,6,9,0.303,0.304,0.607
AL,KC,McBroom,Ryan,222,55,9,0,10,26,0.248,14,73,0,0,0.298,0.423,0.721
AL,KC,Mejia,Erick,40,7,2,0,0,3,0.175,2,13,2,0,0.214,0.225,0.439
AL,KC,Merrifield,Whit,683,189,39,3,18,80,0.277,44,106,27,9,0.327,0.422,0.749
AL,KC,Mondesi,Adalberto,612,149,31,9,16,66,0.243,31,193,55,18,0.283,0.402,0.685
AL,KC,O'Hearn,Ryan,319,69,18,0,10,49,0.216,45,103,0,0,0.313,0.367,0.680
AL,KC,Olivares,Edward,170,45,6,2,5,21,0.265,9,37,4,3,0.304,0.412,0.716
AL,KC,Perez,Salvador,413,121,29,0,24,74,0.293,11,90,1,0,0.320,0.538,0.858
AL,KC,Reynolds,Matt,29,4,1,0,0,2,0.138,2,12,0,0,0.194,0.172,0.366
AL,KC,Soler,Jorge,418,102,23,0,25,69,0.244,55,149,2,0,0.340,0.478,0.818
AL,KC,Starling,Bubba,164,35,6,0,3,15,0.213,12,58,2,0,0.267,0.305,0.572
AL,KC,Viloria,Meibrys,60,13,3,0,1,4,0.217,5,19,0,0,0.288,0.317,0.605
AL,LA,Adell,Jo,343,70,16,0,9,31,0.204,22,129,3,3,0.260,0.329,0.589
AL,LA,Barreto,Franklin,72,12,2,0,2,7,0.167,4,31,2,0,0.231,0.278,0.509
AL,LA,Bemboom,Anthony,145,30,5,0,5,15,0.207,15,41,1,1,0.289,0.345,0.634
AL,LA,Briceno,Jose,15,3,0,0,0,1,0.200,2,4,0,0,0.294,0.200,0.494
AL,LA,Castro,Jason,148,30,9,0,7,17,0.203,24,59,0,0,0.318,0.405,0.723
AL,LA,Fletcher,David,580,173,31,1,12,49,0.298,47,69,9,2,0.350,0.417,0.767
AL,LA,Goodwin,Brian,269,64,18,2,11,43,0.238,30,94,4,0,0.316,0.442,0.758
AL,LA,Hermosillo,Michael,24,5,1,0,1,4,0.208,2,7,1,0,0.241,0.375,0.616
AL,LA,Jones,Jahmai,19,6,1,0,0,2,0.316,1,5,1,0,0.350,0.368,0.718
AL,LA,Ohtani,Shohei,428,99,23,1,20,68,0.231,53,133,16,2,0.319,0.430,0.749
AL,LA,Pujols,Albert,419,101,20,0,18,65,0.241,28,68,0,0,0.291,0.418,0.709
AL,LA,Rendon,Anthony,542,153,29,1,27,94,0.282,92,94,3,0,0.397,0.489,0.886
AL,LA,Rengifo,Luis,260,52,9,1,6,21,0.200,34,64,7,3,0.297,0.312,0.609
AL,LA,Simmons,Andrelton,328,92,19,0,3,31,0.280,23,37,6,1,0.331,0.366,0.697
AL,LA,Soto,Elliot,18,5,1,0,0,1,0.278,2,4,0,0,0.350,0.333,0.683
AL,LA,Stassi,Max,255,57,11,0,16,38,0.224,29,67,0,0,0.302,0.455,0.757
AL,LA,Thaiss,Matt,61,13,2,0,2,6,0.213,8,18,0,0,0.304,0.344,0.648
AL,LA,Trout,Mike,542,155,27,3,44,118,0.286,112,151,10,2,0.411,0.590,1.001
AL,LA,Upton,Justin,408,90,16,0,24,63,0.221,41,132,3,2,0.304,0.436,0.740
AL,LA,Walsh,Jared,275,71,11,2,20,51,0.258,19,71,0,0,0.305,0.531,0.836
AL,LA,Ward,Taylor,255,65,13,2,6,26,0.255,26,76,5,1,0.329,0.392,0.721
AL,MT,Adrianza,Ehire,255,58,15,0,4,18,0.227,26,61,1,0,0.306,0.333,0.639
AL,MT,Arraez,Luis,306,95,20,0,1,33,0.310,26,30,2,0,0.363,0.386,0.749
AL,MT,Astudillo,Willians,43,12,2,0,2,7,0.279,1,4,0,0,0.311,0.465,0.776
AL,MT,Avila,Alex,138,27,6,0,5,13,0.196,30,59,0,0,0.347,0.348,0.695
AL,MT,Blankenhorn,Travis,10,3,1,0,0,1,0.300,0,2,0,0,0.364,0.400,0.764
AL,MT,Buxton,Byron,352,92,15,1,25,62,0.261,14,102,11,3,0.291,0.523,0.814
AL,MT,Cave,Jake,312,77,10,3,11,44,0.247,20,110,0,2,0.309,0.404,0.713
AL,MT,Cruz,Nelson,519,147,20,0,43,102,0.283,66,154,0,0,0.375,0.570,0.945
AL,MT,Donaldson,Josh,232,57,9,0,13,38,0.246,47,68,1,0,0.378,0.453,0.831
AL,MT,Garver,Mitch,200,42,8,0,9,24,0.210,22,75,0,0,0.291,0.385,0.676
AL,MT,Gonzalez,Marwin,494,113,15,0,16,65,0.229,49,117,0,0,0.301,0.356,0.657
AL,MT,Jeffers,Ryan,156,41,5,0,7,20,0.263,12,43,0,0,0.327,0.429,0.756
AL,MT,Kepler,Max,476,116,26,0,26,70,0.244,61,100,7,1,0.335,0.462,0.797
AL,MT,Polanco,Jorge,576,158,30,3,13,67,0.274,43,100,9,6,0.326,0.405,0.731
AL,MT,Rooker,Brent,53,14,4,0,3,10,0.264,3,17,0,0,0.328,0.509,0.837
AL,MT,Rosario,Eddie,596,157,27,0,33,110,0.263,43,97,6,1,0.311,0.475,0.786
AL,MT,Sano,Miguel,507,113,31,0,37,86,0.223,60,232,0,0,0.309,0.503,0.812
AL,MT,Vargas,Ildemaro,62,16,3,1,1,6,0.258,3,7,0,0,0.279,0.387,0.666
AL,MT,Wade,LaMonte,107,26,6,0,2,9,0.243,13,23,2,1,0.336,0.355,0.691
AL,MT,Whitefield,Aaron,3,0,0,0,0,0,0.000,0,1,0,0,0.000,0.000,0.000
AL,NY,Andujar,Miguel,171,43,9,1,5,20,0.251,10,30,0,0,0.297,0.404,0.701
AL,NY,Estrada,Thairo,134,30,3,0,4,13,0.224,4,39,2,0,0.268,0.336,0.604
AL,NY,Florial,Estevan,8,2,0,0,0,0,0.250,0,4,0,0,0.250,0.250,0.500
AL,NY,Ford,Mike,205,42,12,0,8,33,0.205,22,45,0,0,0.291,0.380,0.671
AL,NY,Frazier,Clint,388,99,21,1,19,64,0.255,48,123,6,0,0.342,0.461,0.803
AL,NY,Gardner,Brett,378,87,12,4,12,44,0.230,55,93,9,6,0.332,0.378,0.710
AL,NY,Hicks,Aaron,488,112,28,2,20,67,0.230,101,117,7,3,0.364,0.418,0.782
AL,NY,Higashioka,Kyle,128,29,4,0,8,22,0.227,5,32,0,0,0.261,0.445,0.706
AL,NY,Judge,Aaron,275,71,10,0,26,57,0.258,38,95,2,1,0.356,0.578,0.934
AL,NY,Kratz,Erik,77,21,4,0,2,10,0.273,5,17,0,0,0.325,0.403,0.728
AL,NY,LeMahieu,DJ,545,176,25,3,21,68,0.323,44,74,6,0,0.376,0.495,0.871
AL,NY,Mercer,Jordy,55,13,2,0,1,4,0.236,5,10,0,0,0.300,0.327,0.627
AL,NY,Sanchez,Gary,435,85,13,0,28,73,0.195,49,161,0,0,0.290,0.418,0.708
AL,NY,Stanton,Giancarlo,220,57,15,0,18,43,0.259,35,76,3,1,0.371,0.573,0.944
AL,NY,Tauchman,Mike,271,68,16,0,6,37,0.251,35,71,10,3,0.338,0.376,0.714
AL,NY,Torres,Gleyber,388,103,21,0,16,61,0.265,48,85,3,1,0.352,0.443,0.795
AL,NY,Urshela,Gio,434,124,28,0,18,76,0.286,39,83,2,0,0.341,0.475,0.816
AL,NY,Voit,Luke,581,153,19,0,46,113,0.263,59,163,0,0,0.339,0.534,0.873
AL,NY,Wade,Tyler,258,53,10,0,7,25,0.205,25,68,11,4,0.283,0.326,0.609
AL,OA,Allen,Austin,83,18,4,0,3,10,0.217,4,28,0,0,0.253,0.373,0.626
AL,OA,Brown,Seth,13,2,0,0,0,1,0.154,1,5,0,0,0.214,0.154,0.368
AL,OA,Canha,Mark,557,137,32,6,20,88,0.246,87,159,8,0,0.361,0.433,0.794
AL,OA,Chapman,Matt,381,91,22,4,24,64,0.239,35,126,1,0,0.309,0.507,0.816
AL,OA,Davis,Khris,241,55,10,0,13,37,0.228,26,80,0,0,0.313,0.432,0.745
AL,OA,Grossman,Robbie,460,114,30,6,17,60,0.248,62,102,14,5,0.346,0.450,0.796
AL,OA,Heim,Jonah,106,24,3,0,1,12,0.226,8,16,0,0,0.281,0.283,0.564
AL,OA,Kemp,Tony,273,67,13,2,2,21,0.245,34,44,9,4,0.333,0.330,0.663
AL,OA,La Stella,Tommy,557,151,35,2,16,73,0.271,64,49,1,0,0.349,0.427,0.776
AL,OA,Lamb,Jake,120,28,7,0,6,20,0.233,13,33,0,0,0.324,0.442,0.766
AL,OA,Laureano,Ramon,531,122,29,4,18,75,0.230,61,162,11,4,0.325,0.401,0.726
AL,OA,Machin,Vimael,173,40,7,0,0,10,0.231,20,32,1,0,0.314,0.272,0.586
AL,OA,Murphy,Sean,336,81,14,0,16,45,0.241,51,100,2,0,0.346,0.426,0.772
AL,OA,Olson,Matt,593,128,21,1,40,116,0.216,86,199,1,0,0.322,0.457,0.779
AL,OA,Orf,Nate,18,3,1,0,0,1,0.167,1,4,0,0,0.211,0.222,0.433
AL,OA,Pinder,Chad,156,37,8,0,6,21,0.237,13,42,0,0,0.300,0.404,0.704
AL,OA,Piscotty,Stephen,434,104,22,0,17,73,0.240,29,121,7,0,0.294,0.408,0.702
AL,OA,Semien,Marcus,587,142,29,4,23,71,0.242,69,125,12,3,0.323,0.422,0.745
AL,SM,Bishop,Braden,85,18,4,0,1,9,0.212,6,25,2,0,0.280,0.294,0.574
AL,SM,Crawford,J.P.,565,140,24,5,10,62,0.248,73,123,15,6,0.337,0.361,0.698
AL,SM,Ervin,Phillip,113,25,7,1,2,11,0.221,16,33,3,2,0.323,0.354,0.677
AL,SM,Fraley,Jake,74,15,4,1,1,6,0.203,5,24,4,2,0.272,0.324,0.596
AL,SM,France,Ty,237,66,13,1,8,35,0.278,18,58,0,0,0.347,0.443,0.790
AL,SM,Haggerty,Sam,136,31,8,1,2,13,0.228,13,43,8,1,0.300,0.346,0.646
AL,SM,Hudson,Joe,49,9,1,0,1,3,0.184,5,16,0,0,0.259,0.265,0.524
AL,SM,Lewis,Kyle,591,147,16,0,29,77,0.249,74,199,8,1,0.332,0.423,0.755
AL,SM,Long,Shed,325,66,15,2,9,31,0.203,30,98,8,2,0.272,0.345,0.617
AL,SM,Lopes,Tim,389,95,26,0,4,38,0.244,24,89,15,3,0.295,0.342,0.637
AL,SM,Marmolejos,Jose,299,71,13,0,12,44,0.237,21,84,0,1,0.292,0.401,0.693
AL,SM,Moore,Dylan,393,89,20,0,15,46,0.226,36,115,24,11,0.312,0.392,0.704
AL,SM,Nola,Austin,274,75,14,1,11,43,0.274,27,56,0,0,0.344,0.453,0.797
AL,SM,Odom,Joseph,112,19,3,0,1,9,0.170,8,47,0,0,0.231,0.223,0.454
AL,SM,Seager,Kyle,588,141,30,0,27,104,0.240,73,111,8,2,0.327,0.429,0.756
AL,SM,Smith,Mallex,120,24,5,1,1,9,0.200,9,32,8,2,0.262,0.283,0.545
AL,SM,Strange-Gordon,Dee,214,52,6,2,0,11,0.243,10,37,10,4,0.289,0.290,0.579
AL,SM,Torrens,Luis,165,39,8,0,3,17,0.236,15,35,0,0,0.304,0.339,0.643
AL,SM,Walton,Donovan,35,8,2,0,0,5,0.229,3,9,0,1,0.289,0.286,0.575
AL,SM,White,Evan,511,104,20,0,21,68,0.204,48,194,4,2,0.276,0.366,0.642
AL,TB,Adames,Willy,510,130,35,4,16,62,0.255,59,180,6,2,0.335,0.433,0.768
AL,TB,Arozarena,Randy,185,48,8,1,11,26,0.259,17,54,9,2,0.343,0.492,0.835
AL,TB,Brosseau,Mike,245,66,14,1,11,35,0.269,20,71,3,1,0.336,0.469,0.805
AL,TB,Choi,Ji-Man,345,81,26,0,12,49,0.235,53,102,2,0,0.333,0.414,0.747
AL,TB,Diaz,Yandy,327,94,11,0,10,35,0.287,54,60,1,0,0.393,0.413,0.806
AL,TB,Kiermaier,Kevin,392,92,13,7,11,53,0.235,43,112,19,4,0.317,0.388,0.705
AL,TB,Lowe,Brandon,553,141,28,5,33,93,0.255,62,166,6,0,0.337,0.503,0.840
AL,TB,Lowe,Nate,186,45,6,0,8,28,0.242,24,62,1,0,0.332,0.403,0.735
AL,TB,Margot,Manuel,402,103,21,3,9,39,0.256,37,77,22,7,0.320,0.391,0.711
AL,TB,Martinez,Jose,188,47,9,0,6,26,0.250,23,50,0,0,0.335,0.394,0.729
AL,TB,Meadows,Austin,376,86,21,3,17,46,0.229,43,118,9,3,0.310,0.436,0.746
AL,TB,O'Grady,Brian,13,4,1,0,0,1,0.308,1,4,1,0,0.357,0.385,0.742
AL,TB,Perez,Michael,235,47,11,0,6,32,0.200,21,71,0,0,0.268,0.323,0.591
AL,TB,Phillips,Brett,143,29,4,4,6,14,0.203,20,52,10,2,0.305,0.413,0.718
AL,TB,Renfroe,Hunter,348,68,16,0,23,60,0.195,33,109,3,0,0.271,0.440,0.711
AL,TB,Smith,Kevan,93,24,6,0,3,16,0.258,9,22,0,0,0.337,0.419,0.756
AL,TB,Tsutsugo,Yoshi,446,103,18,1,25,71,0.231,69,131,0,0,0.335,0.444,0.779
AL,TB,Wendle,Joey,471,125,27,6,13,44,0.265,28,98,18,4,0.320,0.431,0.751
AL,TB,Zunino,Mike,210,36,9,0,11,28,0.171,18,92,0,0,0.253,0.371,0.624
AL,TE,Andrus,Elvis,286,66,14,1,7,27,0.231,21,46,10,4,0.286,0.360,0.646
AL,TE,Apostel,Sherten,55,9,2,0,1,4,0.164,4,20,0,0,0.220,0.255,0.475
AL,TE,Calhoun,Willie,274,64,10,3,9,38,0.234,20,47,0,0,0.285,0.391,0.676
AL,TE,Chirinos,Robinson,118,20,5,0,3,11,0.169,14,39,0,0,0.273,0.288,0.561
AL,TE,Choo,Shin-Soo,304,74,13,0,12,37,0.243,40,93,11,3,0.337,0.405,0.742
AL,TE,Dietrich,Derek,179,41,7,1,10,24,0.229,19,54,2,1,0.337,0.447,0.784
AL,TE,Frazier,Todd,299,69,17,1,10,33,0.231,31,76,3,1,0.318,0.395,0.713
AL,TE,Gallo,Joey,531,108,26,0,37,85,0.203,88,230,8,2,0.325,0.461,0.786
AL,TE,Garcia,Adolis,18,3,1,0,1,2,0.167,2,8,0,0,0.250,0.389,0.639
AL,TE,Guzman,Ronald,216,53,8,1,9,27,0.245,23,65,1,0,0.326,0.417,0.743
AL,TE,Heineman,Scott,141,29,6,0,4,17,0.206,8,35,6,1,0.253,0.333,0.586
AL,TE,Huff,Sam,86,22,5,0,5,10,0.256,5,30,1,0,0.304,0.488,0.792
AL,TE,Kiner-Falefa,Isiah,578,158,18,7,8,38,0.273,42,98,17,9,0.330,0.370,0.700
AL,TE,Mathis,Jeff,171,32,4,1,3,19,0.187,15,66,1,0,0.249,0.275,0.524
AL,TE,Odor,Rougned,381,73,16,0,22,69,0.192,26,124,4,4,0.249,0.407,0.656
AL,TE,Refsnyder,Rob,84,19,4,0,1,7,0.226,7,27,0,0,0.292,0.310,0.602
AL,TE,Rivera,Yadiel,13,2,0,0,0,1,0.154,0,4,1,0,0.154,0.154,0.308
AL,TE,Romine,Andrew,10,3,1,0,0,1,0.300,0,2,0,0,0.300,0.400,0.700
AL,TE,Santana,Danny,159,32,10,1,5,20,0.201,13,58,5,1,0.261,0.371,0.632
AL,TE,Solak,Nick,581,153,27,0,15,74,0.263,52,131,15,3,0.326,0.387,0.713
AL,TE,Taveras,Leody,340,82,15,3,10,23,0.241,34,100,16,4,0.312,0.391,0.703
AL,TE,Tejeda,Anderson,200,47,10,1,7,21,0.235,11,73,7,3,0.278,0.400,0.678
AL,TE,Trevino,Jose,214,49,16,0,5,23,0.229,8,39,0,0,0.257,0.374,0.631
AL,TE,White,Eli,132,28,6,1,2,11,0.212,9,42,3,2,0.262,0.318,0.580
AL,TO,Alford,Anthony,42,9,1,0,2,6,0.214,2,16,4,1,0.250,0.381,0.631
AL,TO,Bichette,Bo,334,95,21,2,15,54,0.284,22,71,14,5,0.331,0.494,0.825
AL,TO,Biggio,Cavan,619,149,33,3,25,79,0.241,110,181,17,3,0.361,0.425,0.786
AL,TO,Davis,Jonathan,81,19,4,0,2,12,0.235,8,26,3,1,0.316,0.358,0.674
AL,TO,Drury,Brandon,126,25,5,0,3,10,0.198,9,30,0,0,0.252,0.310,0.562
AL,TO,Espinal,Santiago,169,42,7,1,0,16,0.249,11,39,4,1,0.293,0.302,0.595
AL,TO,Fisher,Derek,91,22,4,1,3,16,0.242,14,33,1,2,0.339,0.407,0.746
AL,TO,Grichuk,Randal,595,155,33,3,36,99,0.261,37,157,4,2,0.305,0.508,0.813
AL,TO,Guerrero Jr,Vladimir,612,168,37,3,25,98,0.275,61,111,4,1,0.345,0.467,0.812
AL,TO,Gurriel Jr,Lourdes,584,165,31,0,28,90,0.283,40,135,8,4,0.331,0.479,0.810
AL,TO,Hernandez,Teoscar,525,136,22,3,35,86,0.259,47,177,12,4,0.322,0.512,0.834
AL,TO,Jansen,Danny,348,70,11,0,14,52,0.201,49,83,1,0,0.310,0.353,0.663
AL,TO,Joseph,Caleb,23,4,1,0,1,3,0.174,2,5,0,0,0.240,0.348,0.588
AL,TO,Kirk,Alejandro,64,18,4,0,2,7,0.281,5,11,0,0,0.333,0.438,0.771
AL,TO,McGuire,Reese,114,20,3,0,3,9,0.175,5,28,1,0,0.217,0.281,0.498
AL,TO,McKinney,Billy,7,3,0,0,0,1,0.429,0,1,0,0,0.429,0.429,0.858
AL,TO,Panik,Joe,348,85,18,1,1,28,0.244,45,60,2,1,0.336,0.310,0.646
AL,TO,Shaw,Travis,445,104,22,0,18,58,0.234,53,132,3,0,0.316,0.404,0.720
AL,TO,Tellez,Rowdy,317,83,16,0,18,56,0.262,29,74,2,2,0.324,0.483,0.807
AL,TO,Villar,Jonathan,197,47,7,1,3,20,0.239,23,57,16,2,0.317,0.330,0.647
AL,TO,Vogelbach,Daniel,161,28,5,0,8,19,0.174,31,46,0,0,0.311,0.354,0.665
NL,AR,Ahmed,Nick,552,139,28,4,14,74,0.252,45,123,10,2,0.311,0.393,0.704
NL,AR,Calhoun,Kole,539,126,27,0,34,91,0.234,74,147,3,3,0.331,0.473,0.804
NL,AR,Cron,Kevin,50,7,1,0,2,5,0.140,4,17,0,0,0.232,0.280,0.512
NL,AR,Escobar,Eduardo,566,130,24,8,21,72,0.230,46,115,4,0,0.291,0.412,0.703
NL,AR,Jay,Jon,142,31,5,0,1,12,0.218,9,31,0,0,0.265,0.275,0.540
NL,AR,Kelly,Carson,324,74,15,0,12,44,0.228,31,76,0,0,0.302,0.386,0.688
NL,AR,Lamb,Jake,120,21,4,0,3,12,0.175,17,43,0,1,0.288,0.283,0.571
NL,AR,Locastro,Tim,200,53,9,1,2,18,0.265,19,41,10,0,0.361,0.350,0.711
NL,AR,Marte,Ketel,496,144,33,5,13,56,0.290,34,69,6,2,0.338,0.456,0.794
NL,AR,Mathisen,Wyatt,79,18,2,0,4,12,0.228,10,28,0,0,0.330,0.405,0.735
NL,AR,Peralta,David,561,160,29,4,14,81,0.285,41,125,4,0,0.335,0.426,0.761
NL,AR,Rojas,Josh,173,38,5,1,5,13,0.220,18,41,6,2,0.288,0.347,0.635
NL,AR,Smith,Pavin,108,29,4,2,3,12,0.269,12,19,2,0,0.331,0.426,0.757
NL,AR,VanMeter,Josh,195,38,8,1,7,21,0.195,22,58,5,1,0.286,0.354,0.640
NL,AR,Varsho,Daulton,286,64,12,2,10,33,0.224,26,74,10,2,0.300,0.385,0.685
NL,AR,Vogt,Stephen,203,42,13,0,7,24,0.207,19,51,2,0,0.274,0.374,0.648
NL,AR,Walker,Christian,602,158,44,1,28,96,0.262,61,154,5,1,0.334,0.478,0.812
NL,AR,Young,Andy,79,17,4,0,3,11,0.215,9,26,0,0,0.333,0.380,0.713
NL,AT,Acuna Jr,Ronald,473,126,25,0,36,79,0.266,85,153,23,7,0.387,0.548,0.935
NL,AT,Adams,Matt,135,27,6,0,6,25,0.200,8,47,0,0,0.250,0.378,0.628
NL,AT,Albies,Ozzie,325,88,16,2,17,49,0.271,21,68,8,3,0.319,0.489,0.808
NL,AT,Camargo,Johan,329,76,20,0,10,36,0.231,23,85,0,0,0.287,0.383,0.670
NL,AT,Contreras,William,27,8,2,0,0,3,0.296,1,8,0,0,0.321,0.370,0.691
NL,AT,Culberson,Charlie,19,4,2,0,0,2,0.211,1,7,0,0,0.250,0.316,0.566
NL,AT,d'Arnaud,Travis,467,133,19,0,20,85,0.285,39,124,1,0,0.344,0.454,0.798
NL,AT,Duvall,Adam,532,126,27,0,40,95,0.237,43,154,0,0,0.302,0.513,0.815
NL,AT,Flowers,Tyler,192,43,11,0,6,22,0.224,22,79,0,0,0.326,0.375,0.701
NL,AT,Freeman,Freddie,611,192,50,4,36,131,0.314,109,119,5,2,0.425,0.586,1.011
NL,AT,Hechavarria,Adeiny,165,40,8,0,2,14,0.242,11,35,0,0,0.294,0.327,0.621
NL,AT,Inciarte,Ender,327,74,9,3,4,31,0.226,33,60,12,3,0.296,0.309,0.605
NL,AT,Jackson,Alex,19,4,1,0,1,2,0.211,1,8,0,0,0.250,0.421,0.671
NL,AT,Markakis,Nick,357,94,28,0,5,46,0.263,32,62,0,1,0.327,0.384,0.711
NL,AT,Ozuna,Marcell,651,195,33,0,49,143,0.300,88,166,4,2,0.383,0.576,0.959
NL,AT,Pache,Cristian,10,3,0,0,0,1,0.300,0,4,0,0,0.300,0.300,0.600
NL,AT,Riley,Austin,526,127,25,1,26,82,0.241,43,149,0,0,0.303,0.441,0.744
NL,AT,Sandoval,Pablo,239,55,10,0,7,26,0.230,19,56,0,0,0.289,0.360,0.649
NL,AT,Schebler,Scott,3,0,0,0,0,0,0.000,0,1,0,0,0.000,0.000,0.000
NL,AT,Swanson,Dansby,661,176,35,0,20,90,0.266,67,182,12,2,0.339,0.410,0.749
NL,CC,Almora Jr,Albert,86,19,4,0,2,7,0.221,6,20,1,0,0.280,0.337,0.617
NL,CC,Baez,Javier,617,145,27,4,26,83,0.235,25,198,12,4,0.269,0.418,0.687
NL,CC,Bote,David,353,76,14,1,15,62,0.215,41,108,6,0,0.303,0.388,0.691
NL,CC,Bryant,Kris,358,86,17,1,16,42,0.240,40,105,2,0,0.333,0.427,0.760
NL,CC,Caratini,Victor,325,81,19,0,8,41,0.249,33,82,0,1,0.330,0.382,0.712
NL,CC,Contreras,Willson,538,135,32,0,18,76,0.251,64,162,5,4,0.350,0.411,0.761
NL,CC,Hamilton,Billy,91,17,3,0,1,6,0.187,7,22,11,2,0.238,0.253,0.491
NL,CC,Happ,Ian,552,135,30,1,31,84,0.245,86,184,8,6,0.351,0.471,0.822
NL,CC,Heyward,Jason,432,114,19,5,15,62,0.264,70,90,6,1,0.367,0.435,0.802
NL,CC,Hoerner,Nico,315,78,12,3,0,40,0.248,27,58,6,4,0.312,0.305,0.617
NL,CC,Kipnis,Jason,330,79,21,2,12,51,0.239,40,93,5,0,0.322,0.424,0.746
NL,CC,Martinez,Jose,56,9,1,0,1,5,0.161,5,16,0,0,0.230,0.232,0.462
NL,CC,Maybin,Cameron,141,35,8,1,2,14,0.248,13,36,6,1,0.321,0.362,0.683
NL,CC,Perez,Hernan,16,4,1,0,0,1,0.250,1,4,0,0,0.294,0.313,0.607
NL,CC,Phegley,Josh,45,8,2,0,2,6,0.178,3,10,0,0,0.245,0.356,0.601
NL,CC,Rizzo,Anthony,570,141,24,0,29,88,0.247,78,102,6,4,0.359,0.442,0.801
NL,CC,Schwarber,Kyle,533,115,16,0,31,84,0.216,85,180,3,0,0.330,0.420,0.750
NL,CC,Souza Jr,Steven,75,15,4,0,4,12,0.200,10,32,2,0,0.302,0.413,0.715
NL,CC,Vargas,Ildemaro,79,19,3,0,2,7,0.241,4,14,1,0,0.277,0.354,0.631
NL,CC,Wisdom,Patrick,6,1,0,0,0,0,0.167,0,1,0,0,0.167,0.167,0.334
NL,CN,Akiyama,Shogo,446,112,20,3,9,41,0.251,57,94,13,7,0.343,0.370,0.713
NL,CN,Aquino,Aristides,140,30,5,0,6,24,0.214,14,48,2,0,0.304,0.379,0.683
NL,CN,Barnhart,Tucker,271,59,11,0,13,33,0.218,36,67,0,0,0.312,0.402,0.714
NL,CN,Casali,Curt,223,49,10,0,13,26,0.220,30,70,2,0,0.326,0.439,0.765
NL,CN,Castellanos,Nicholas,611,153,38,5,32,93,0.250,51,173,3,3,0.315,0.486,0.801
NL,CN,Colon,Christian,62,13,3,0,1,6,0.210,4,9,2,1,0.269,0.306,0.575
NL,CN,Davidson,Matt,119,24,4,0,7,22,0.202,10,42,0,0,0.269,0.412,0.681
NL,CN,Ervin,Phillip,101,18,3,1,2,6,0.178,14,25,3,1,0.291,0.287,0.578
NL,CN,Farmer,Kyle,178,44,10,0,2,16,0.247,12,40,2,0,0.302,0.337,0.639
NL,CN,Galvis,Freddy,405,95,18,1,16,46,0.235,30,94,4,3,0.297,0.402,0.699
NL,CN,Garcia,Jose ,179,35,4,0,2,12,0.196,7,62,3,2,0.234,0.251,0.485
NL,CN,Goodwin,Brian,137,29,8,0,6,18,0.212,14,49,6,0,0.284,0.401,0.685
NL,CN,Jankowski,Travis,42,8,1,0,0,2,0.190,5,14,3,1,0.277,0.214,0.491
NL,CN,Moustakas,Mike,399,97,20,0,26,70,0.243,43,94,3,0,0.323,0.489,0.812
NL,CN,Payton,Mark,51,11,3,0,1,4,0.216,5,13,1,0,0.286,0.333,0.619
NL,CN,Senzel,Nick,196,46,12,1,6,24,0.235,18,48,6,3,0.298,0.398,0.696
NL,CN,Stephenson,Tyler,49,13,2,0,3,10,0.265,5,17,0,0,0.357,0.490,0.847
NL,CN,Suarez,Eugenio,556,127,25,1,41,104,0.228,78,181,5,1,0.329,0.498,0.827
NL,CN,Votto,Joey,519,126,26,0,24,66,0.243,99,114,3,0,0.368,0.432,0.800
NL,CN,Winker,Jesse,432,116,21,0,23,65,0.269,67,105,4,1,0.376,0.477,0.853
NL,CO,Arenado,Nolan,504,136,28,1,27,84,0.270,50,72,1,0,0.332,0.490,0.822
NL,CO,Blackmon,Charlie,618,188,33,5,23,105,0.304,52,123,5,4,0.358,0.485,0.843
NL,CO,Butera,Drew,107,23,5,0,2,13,0.215,7,30,0,0,0.263,0.318,0.581
NL,CO,Dahl,David,254,60,11,4,6,29,0.236,16,75,4,1,0.284,0.382,0.666
NL,CO,Diaz,Elias,188,50,9,0,5,23,0.266,14,38,1,0,0.320,0.394,0.714
NL,CO,Fuentes,Josh,271,73,16,0,8,39,0.269,8,78,1,0,0.292,0.417,0.709
NL,CO,Hampson,Garrett,465,116,13,8,14,43,0.249,36,137,22,4,0.304,0.402,0.706
NL,CO,Hilliard,Sam,292,66,9,4,13,34,0.226,24,109,9,3,0.287,0.418,0.705
NL,CO,Kemp,Matt,339,88,14,0,17,59,0.260,34,101,1,0,0.329,0.451,0.780
NL,CO,McMahon,Ryan,479,112,22,4,25,69,0.234,49,172,3,4,0.308,0.453,0.761
NL,CO,Murphy,Daniel,342,89,17,0,10,48,0.260,25,56,0,0,0.310,0.398,0.708
NL,CO,Owings,Chris,113,28,5,0,4,13,0.248,8,33,3,0,0.303,0.398,0.701
NL,CO,Pillar,Kevin,254,73,14,2,7,35,0.287,12,45,7,3,0.327,0.441,0.768
NL,CO,Rodgers,Brendan,56,12,3,0,1,7,0.214,2,14,0,0,0.254,0.321,0.575
NL,CO,Story,Trevor,648,184,37,7,35,92,0.284,64,183,30,9,0.352,0.525,0.877
NL,CO,Tapia,Raimel,525,159,25,8,9,50,0.303,39,117,18,6,0.350,0.432,0.782
NL,CO,Wolters,Tony,274,65,10,1,0,27,0.237,22,69,0,0,0.303,0.281,0.584
NL,LD,Barnes,Austin,248,59,10,0,3,27,0.238,33,69,6,0,0.336,0.315,0.651
NL,LD,Beaty,Matt,138,35,6,0,5,17,0.254,7,29,0,0,0.304,0.406,0.710
NL,LD,Bellinger,Cody,588,151,27,2,38,104,0.257,87,120,15,3,0.355,0.503,0.858
NL,LD,Betts,Mookie,603,172,34,4,41,102,0.285,78,105,22,3,0.370,0.559,0.929
NL,LD,Hernandez,Kike,377,88,17,3,14,57,0.233,29,87,0,1,0.293,0.406,0.699
NL,LD,Lux,Gavin,175,38,6,1,7,22,0.217,16,48,4,1,0.283,0.383,0.666
NL,LD,McKinstry,Zach,19,5,2,0,0,1,0.263,1,6,0,0,0.300,0.368,0.668
NL,LD,Muncy,Max,575,122,19,0,32,86,0.212,107,177,3,0,0.341,0.412,0.753
NL,LD,Pederson,Joc,335,76,15,0,22,54,0.227,34,90,4,0,0.315,0.469,0.784
NL,LD,Pollock,A.J.,542,141,29,0,36,85,0.260,37,127,10,6,0.310,0.513,0.823
NL,LD,Rios,Edwin,212,50,12,0,15,36,0.236,13,73,1,0,0.289,0.505,0.794
NL,LD,Ruiz,Keibert,21,5,1,0,1,2,0.238,1,4,0,0,0.273,0.429,0.702
NL,LD,Seager,Corey,582,170,39,1,33,105,0.292,49,115,1,0,0.348,0.533,0.881
NL,LD,Smith,Will,324,83,18,0,22,61,0.256,52,81,0,0,0.365,0.515,0.880
NL,LD,Taylor,Chris,522,133,31,6,18,79,0.255,62,159,9,6,0.341,0.441,0.782
NL,LD,Turner,Justin,420,125,26,1,13,67,0.298,49,74,1,0,0.387,0.457,0.844
NL,MI,Aguilar,Jesus,531,138,28,0,26,88,0.260,64,126,0,1,0.338,0.460,0.798
NL,MI,Alfaro,Jorge,255,59,7,0,8,35,0.231,11,96,4,0,0.282,0.353,0.635
NL,MI,Alvarez,Eddy,103,22,4,0,0,8,0.214,9,35,4,0,0.289,0.252,0.541
NL,MI,Anderson,Brian,559,145,24,4,25,87,0.259,60,164,2,1,0.344,0.451,0.795
NL,MI,Berti,Jon,356,89,13,1,8,36,0.250,45,101,24,6,0.343,0.360,0.703
NL,MI,Brinson,Lewis,292,64,15,1,9,33,0.219,21,91,8,2,0.278,0.370,0.648
NL,MI,Cervelli,Francisco,148,36,7,0,7,19,0.243,21,41,3,0,0.353,0.432,0.785
NL,MI,Chisholm,Jazz,156,29,4,2,6,18,0.186,14,59,5,3,0.262,0.353,0.615
NL,MI,Cooper,Garrett,336,91,19,0,14,47,0.271,26,88,0,0,0.331,0.452,0.783
NL,MI,Diaz,Isan,57,12,1,0,1,5,0.211,4,17,1,0,0.262,0.281,0.543
NL,MI,Diaz,Lewin,109,22,6,0,2,10,0.202,6,28,0,0,0.250,0.312,0.562
NL,MI,Dickerson,Corey,542,144,23,4,22,61,0.266,40,108,4,2,0.318,0.445,0.763
NL,MI,Forsythe,Logan,94,17,3,0,3,7,0.181,11,29,0,0,0.274,0.309,0.583
NL,MI,Harrison,Monte,130,25,4,0,3,12,0.192,10,59,10,1,0.255,0.292,0.547
NL,MI,Joyce,Matt,351,86,12,0,10,39,0.245,62,108,1,0,0.357,0.365,0.722
NL,MI,Lavarnway,Ryan,29,8,1,0,1,2,0.276,2,7,0,0,0.323,0.414,0.737
NL,MI,Marte,Starling,636,175,36,4,21,79,0.275,34,119,28,9,0.329,0.443,0.772
NL,MI,Navarreto,Brian,13,4,0,0,0,1,0.308,0,3,0,0,0.308,0.308,0.616
NL,MI,Ramirez,Harold,29,7,1,0,1,3,0.241,2,6,0,1,0.290,0.379,0.669
NL,MI,Rodriguez,Sean,33,6,1,0,1,2,0.182,2,14,0,0,0.229,0.303,0.532
NL,MI,Rojas,Miguel,357,104,21,1,10,48,0.291,35,51,9,3,0.363,0.440,0.803
NL,MI,Sanchez,Jesus,73,12,3,0,1,7,0.164,7,23,1,0,0.238,0.247,0.485
NL,MI,Sierra,Magneuris,132,33,6,2,1,14,0.250,9,27,8,3,0.301,0.348,0.649
NL,MI,Villar,Jonathan,324,84,14,1,7,31,0.259,32,89,23,9,0.325,0.373,0.698
NL,MI,Wallach,Chad,120,26,6,0,3,14,0.217,10,38,1,0,0.282,0.342,0.624
NL,ML,Arcia,Orlando,481,118,24,2,12,51,0.245,38,91,7,4,0.303,0.378,0.681
NL,ML,Braun,Ryan,358,87,19,2,17,62,0.243,25,78,5,3,0.297,0.450,0.747
NL,ML,Cain,Lorenzo,52,15,3,0,1,6,0.288,6,8,1,0,0.362,0.404,0.766
NL,ML,Gamel,Ben,317,79,20,3,9,28,0.249,38,98,3,4,0.333,0.416,0.749
NL,ML,Garcia,Avisail,513,130,28,1,13,62,0.253,49,132,6,6,0.330,0.388,0.718
NL,ML,Gyorko,Jedd,331,84,10,0,23,52,0.254,43,97,1,0,0.338,0.492,0.830
NL,ML,Healy,Ryon,19,4,1,0,1,2,0.211,1,5,0,0,0.250,0.421,0.671
NL,ML,Hiura,Keston,611,146,24,3,37,92,0.239,48,212,13,6,0.312,0.470,0.782
NL,ML,Mathias,Mark,94,23,6,0,1,10,0.245,5,21,2,0,0.290,0.340,0.630
NL,ML,Morrison,Logan,69,14,3,0,4,9,0.203,8,20,0,0,0.295,0.420,0.715
NL,ML,Narvaez,Omar,308,67,10,0,8,33,0.218,42,87,0,0,0.319,0.328,0.647
NL,ML,Nottingham,Jacob,135,27,5,0,6,22,0.200,12,50,1,0,0.280,0.370,0.650
NL,ML,Peterson,Jace,140,33,6,1,4,16,0.236,26,42,4,1,0.353,0.379,0.732
NL,ML,Pina,Manny,113,26,5,0,5,14,0.230,8,30,0,0,0.304,0.407,0.711
NL,ML,Sogard,Eric,316,71,12,0,8,28,0.225,33,56,2,0,0.301,0.339,0.640
NL,ML,Taylor,Tyrone,106,24,7,0,4,14,0.226,6,26,1,0,0.281,0.406,0.687
NL,ML,Urias,Luis,297,73,13,3,4,33,0.246,30,79,4,3,0.325,0.350,0.675
NL,ML,Vogelbach,Daniel,159,42,6,0,9,27,0.264,26,48,0,0,0.374,0.472,0.846
NL,ML,Yelich,Christian,570,143,29,4,34,84,0.251,108,181,18,6,0.376,0.495,0.871
NL,NM,Alonso,Pete,581,139,23,0,42,100,0.239,67,174,1,0,0.333,0.496,0.829
NL,NM,Cano,Robinson,470,139,28,0,19,73,0.296,33,76,0,0,0.345,0.477,0.822
NL,NM,Cespedes,Yoenis,86,19,4,0,5,14,0.221,7,31,0,0,0.295,0.442,0.737
NL,NM,Chirinos,Robinson,83,17,5,0,3,11,0.205,7,27,0,0,0.283,0.373,0.656
NL,NM,Conforto,Michael,559,163,32,0,29,92,0.292,77,155,8,6,0.390,0.504,0.894
NL,NM,Cordell,Ryan,21,4,1,0,0,1,0.190,1,7,1,0,0.227,0.238,0.465
NL,NM,Davis,J.D.,551,142,27,0,24,69,0.258,67,151,2,0,0.347,0.437,0.784
NL,NM,Dozier,Brian,40,8,1,0,1,3,0.200,4,11,0,0,0.273,0.300,0.573
NL,NM,Frazier,Todd,130,29,6,0,6,16,0.223,10,37,1,0,0.294,0.408,0.702
NL,NM,Gimenez,Andres,337,85,10,7,10,34,0.252,21,85,21,7,0.315,0.412,0.727
NL,NM,Guillorme,Luis,163,45,11,0,0,18,0.276,22,38,3,0,0.360,0.344,0.704
NL,NM,Heredia,Guillermo,91,21,3,0,3,11,0.231,9,22,2,0,0.307,0.363,0.670
NL,NM,Marisnick,Jake,89,23,6,0,4,12,0.258,5,29,2,0,0.305,0.461,0.766
NL,NM,McNeil,Jeff,516,153,35,0,12,69,0.297,45,74,5,5,0.361,0.434,0.795
NL,NM,Nido,Tomas,68,17,3,0,3,11,0.250,4,17,0,0,0.292,0.426,0.718
NL,NM,Nimmo,Brandon,518,129,27,7,18,56,0.249,96,144,5,4,0.382,0.432,0.814
NL,NM,Nunez,Eduardo,6,2,0,0,0,0,0.333,0,1,1,0,0.333,0.333,0.666
NL,NM,Ramos,Wilson,394,102,15,0,14,53,0.259,31,78,0,0,0.317,0.404,0.721
NL,NM,Rivera,Rene,10,2,0,0,0,1,0.200,0,5,0,0,0.200,0.200,0.400
NL,NM,Rosario,Amed,393,100,14,4,11,44,0.254,18,88,8,4,0.289,0.394,0.683
NL,NM,Sanchez,Ali,26,5,1,0,0,1,0.192,2,6,0,0,0.250,0.231,0.481
NL,NM,Smith,Dominic,499,139,43,1,27,94,0.279,40,132,0,0,0.336,0.531,0.867
NL,PH,Bohm,Alec,453,135,28,1,14,67,0.298,43,97,4,2,0.360,0.457,0.817
NL,PH,Bruce,Jay,263,58,13,2,17,44,0.221,21,68,0,0,0.281,0.479,0.760
NL,PH,Garlick,Kyle,60,11,3,0,2,8,0.183,2,21,0,0,0.222,0.333,0.555
NL,PH,Gosselin,Phil,256,64,13,1,8,31,0.250,26,71,1,1,0.322,0.402,0.724
NL,PH,Gregorius,Didi,603,164,27,5,27,102,0.272,44,86,6,5,0.326,0.468,0.794
NL,PH,Harper,Bryce,542,145,28,2,35,100,0.268,128,148,18,5,0.409,0.520,0.929
NL,PH,Haseley,Adam,226,58,14,1,5,31,0.257,21,53,2,1,0.327,0.394,0.721
NL,PH,Hoskins,Rhys,423,101,24,2,26,72,0.239,81,122,3,0,0.372,0.489,0.861
NL,PH,Kingery,Scott,316,63,15,1,8,29,0.199,22,93,5,2,0.258,0.329,0.587
NL,PH,Knapp,Andrew,209,50,11,1,5,32,0.239,35,66,0,0,0.352,0.373,0.725
NL,PH,Marchan,Rafael,23,8,1,0,1,5,0.348,2,5,0,0,0.400,0.522,0.922
NL,PH,McCutchen,Andrew,593,151,26,2,27,91,0.255,74,140,10,3,0.340,0.442,0.782
NL,PH,Moniak,Mickey,44,10,1,0,1,3,0.227,6,14,1,0,0.320,0.318,0.638
NL,PH,Quinn,Roman,295,68,11,5,7,25,0.231,18,94,23,4,0.284,0.373,0.657
NL,PH,Realmuto,J.T.,491,129,24,2,29,83,0.263,44,126,8,2,0.337,0.497,0.834
NL,PH,Segura,Jean,549,153,23,4,14,64,0.279,51,101,10,6,0.347,0.412,0.759
NL,PH,Torreyes,Ronald,19,4,2,0,0,1,0.211,1,2,0,0,0.250,0.316,0.566
NL,PH,Walker,Neil,105,25,6,0,3,11,0.238,8,29,0,0,0.291,0.381,0.672
NL,PI,Alford,Anthony,33,7,1,1,2,6,0.212,3,8,1,1,0.278,0.485,0.763
NL,PI,Bell,Josh,541,136,20,3,25,80,0.251,68,142,0,1,0.333,0.438,0.771
NL,PI,Craig,Will,10,1,0,0,0,1,0.100,0,3,0,0,0.100,0.100,0.200
NL,PI,Dyson,Jarrod,138,28,2,0,2,13,0.203,13,27,9,1,0.276,0.261,0.537
NL,PI,Evans,Phillip,112,31,5,0,3,17,0.277,11,22,1,1,0.352,0.402,0.754
NL,PI,Frazier,Adam,580,144,26,3,15,61,0.248,48,92,6,7,0.316,0.381,0.697
NL,PI,Gonzalez,Erik,504,118,31,3,12,52,0.234,22,142,9,8,0.265,0.379,0.644
NL,PI,Hayes,Ke'Bryan,239,72,15,2,9,28,0.301,24,56,7,0,0.370,0.494,0.864
NL,PI,Martin,Jason,27,5,1,0,1,2,0.185,3,8,0,0,0.267,0.333,0.600
NL,PI,Moran,Colin,502,131,27,1,23,71,0.261,49,134,0,1,0.330,0.456,0.786
NL,PI,Murphy,John Ryan,161,32,7,0,2,14,0.199,11,61,0,0,0.254,0.280,0.534
NL,PI,Newman,Kevin,443,113,17,2,7,38,0.255,31,62,8,5,0.306,0.350,0.656
NL,PI,Oliva,Jared,42,9,1,0,0,3,0.214,2,13,2,0,0.250,0.238,0.488
NL,PI,Osuna,Jose,213,50,12,1,9,29,0.235,15,46,1,2,0.288,0.427,0.715
NL,PI,Polanco,Gregory,437,87,22,1,19,61,0.199,41,156,9,4,0.266,0.384,0.650
NL,PI,Reynolds,Bryan,517,118,23,5,17,60,0.228,56,143,5,3,0.308,0.391,0.699
NL,PI,Riddle,JT,184,37,7,1,6,13,0.201,7,38,2,0,0.230,0.348,0.578
NL,PI,Stallings,Jacob,354,91,23,0,11,42,0.257,35,96,0,0,0.327,0.415,0.742
NL,PI,Susac,Andrew,8,1,0,0,0,1,0.125,3,2,0,0,0.364,0.125,0.489
NL,PI,Tucker,Cole,300,69,13,3,6,25,0.230,19,79,6,2,0.276,0.353,0.629
NL,SC,Bader,Harrison,320,75,16,4,13,37,0.234,36,114,9,3,0.328,0.431,0.759
NL,SC,Carlson,Dylan,323,73,17,3,10,40,0.226,28,91,6,3,0.289,0.390,0.679
NL,SC,Carpenter,Matt,417,88,21,1,16,63,0.211,71,134,2,0,0.339,0.381,0.720
NL,SC,Dean,Austin,17,4,2,0,0,2,0.235,4,5,0,0,0.381,0.353,0.734
NL,SC,DeJong,Paul,456,118,23,0,15,72,0.259,49,135,4,2,0.332,0.408,0.740
NL,SC,Edman,Tommy,614,160,28,8,12,72,0.261,44,126,15,7,0.316,0.391,0.707
NL,SC,Fowler,Dexter,263,64,10,1,12,38,0.243,33,76,4,2,0.334,0.426,0.760
NL,SC,Goldschmidt,Paul,576,166,34,2,27,81,0.288,100,142,4,1,0.396,0.495,0.891
NL,SC,Knizner,Andrew,47,12,2,0,1,7,0.255,2,11,0,0,0.283,0.362,0.645
NL,SC,Miller,Brad,437,107,24,3,23,74,0.245,66,132,3,2,0.348,0.471,0.819
NL,SC,Molina,Yadier,429,111,17,0,13,51,0.259,21,65,3,0,0.304,0.389,0.693
NL,SC,Nogowski,John,11,3,0,0,0,1,0.273,1,2,0,0,0.333,0.273,0.606
NL,SC,O'Neill,Tyler,423,87,18,0,23,60,0.206,40,141,6,2,0.279,0.411,0.690
NL,SC,Ravelo,Rangel,109,26,5,0,3,15,0.239,10,22,0,0,0.294,0.367,0.661
NL,SC,Schrock,Max,48,11,2,0,1,4,0.229,2,11,1,0,0.260,0.333,0.593
NL,SC,Thomas,Lane,108,20,5,0,4,10,0.185,11,36,2,1,0.267,0.343,0.610
NL,SC,Wieters,Matt,110,23,4,0,3,14,0.209,9,29,0,0,0.287,0.327,0.614
NL,SC,Williams,Justin,16,4,1,0,0,1,0.250,2,5,0,0,0.333,0.313,0.646
NL,SC,Wong,Kolten,539,141,20,5,7,50,0.262,57,95,16,6,0.346,0.356,0.702
NL,SD,Allen,Greg,7,2,0,0,0,1,0.286,2,3,1,0,0.500,0.286,0.786
NL,SD,Almonte,Abraham,31,6,1,0,1,2,0.194,4,9,1,1,0.286,0.323,0.609
NL,SD,Campusano,Luis,9,3,0,0,1,2,0.333,0,3,0,0,0.400,0.667,1.067
NL,SD,Castro,Jason,75,15,7,0,2,9,0.200,9,27,0,0,0.294,0.373,0.667
NL,SD,Cronenworth,Jake,475,133,34,7,13,53,0.280,46,91,10,5,0.348,0.463,0.811
NL,SD,France,Ty,152,43,9,0,6,24,0.283,13,38,0,0,0.355,0.461,0.816
NL,SD,Garcia,Greg,169,38,8,0,0,21,0.225,23,47,1,0,0.320,0.272,0.592
NL,SD,Grisham,Trent,609,154,29,8,31,73,0.253,84,169,20,4,0.348,0.479,0.827
NL,SD,Hedges,Austin,173,34,6,0,8,21,0.197,15,55,3,1,0.268,0.370,0.638
NL,SD,Hosmer,Eric,396,109,19,0,20,73,0.275,33,89,6,0,0.331,0.475,0.806
NL,SD,Machado,Manny,628,182,31,3,40,123,0.290,69,118,12,6,0.356,0.540,0.896
NL,SD,Mateo,Jorge,73,14,5,0,1,6,0.192,3,26,3,0,0.224,0.301,0.525
NL,SD,Mejia,Francisco,108,20,4,0,3,10,0.185,5,26,0,0,0.241,0.306,0.547
NL,SD,Moreland,Mitch,184,43,9,0,9,26,0.234,17,45,0,0,0.302,0.429,0.731
NL,SD,Myers,Wil,545,145,34,4,35,94,0.266,52,168,12,4,0.334,0.536,0.870
NL,SD,Naylor,Josh,98,26,2,1,3,11,0.265,6,16,1,0,0.314,0.398,0.712
NL,SD,Nola,Austin,182,45,10,0,6,25,0.247,21,44,0,0,0.330,0.401,0.731
NL,SD,Olivares,Edward,94,21,4,0,3,11,0.223,6,28,2,2,0.277,0.362,0.639
NL,SD,Ona,Jorge,37,9,2,0,2,5,0.243,4,15,0,0,0.333,0.459,0.792
NL,SD,Pham,Tommy,300,74,9,0,10,34,0.247,44,75,14,1,0.349,0.377,0.726
NL,SD,Profar,Jurickson,497,127,21,0,17,66,0.256,46,79,14,3,0.327,0.400,0.727
NL,SD,Tatis Jr,Fernando,632,173,32,7,43,114,0.274,69,183,31,8,0.354,0.551,0.905
NL,SD,Torrens,Luis,32,8,2,0,0,2,0.250,3,6,0,0,0.314,0.313,0.627
NL,SF,Bart,Joey,284,70,12,3,7,25,0.246,10,94,2,1,0.289,0.384,0.673
NL,SF,Basabe,Luis Alexander,43,8,1,0,1,4,0.186,7,15,3,0,0.300,0.279,0.579
NL,SF,Belt,Brandon,420,115,28,2,24,68,0.274,72,109,1,0,0.383,0.521,0.904
NL,SF,Brantly,Rob,8,1,0,0,0,0,0.125,0,1,0,0,0.125,0.125,0.250
NL,SF,Crawford,Brandon,482,124,28,0,16,68,0.257,43,123,3,3,0.322,0.415,0.737
NL,SF,Davis,Jaylin,32,7,1,0,2,3,0.219,2,13,0,0,0.265,0.438,0.703
NL,SF,Dickerson,Alex,423,115,24,5,19,65,0.272,44,91,0,0,0.348,0.487,0.835
NL,SF,Dubon,Mauricio,455,120,16,1,12,52,0.264,31,93,9,6,0.311,0.382,0.693
NL,SF,Duggar,Steven,92,19,5,0,1,8,0.207,6,30,2,0,0.263,0.293,0.556
NL,SF,Flores,Wilmer,545,147,35,1,24,85,0.270,37,89,1,0,0.320,0.470,0.790
NL,SF,Heineman,Tyler,123,27,4,0,2,8,0.220,10,21,2,0,0.294,0.301,0.595
NL,SF,Longoria,Evan,538,140,27,4,20,80,0.260,33,112,2,1,0.306,0.437,0.743
NL,SF,McCarthy,Joe,26,3,1,0,0,2,0.115,2,10,0,0,0.179,0.154,0.333
NL,SF,Pence,Hunter,145,27,5,1,5,17,0.186,10,40,1,0,0.248,0.338,0.586
NL,SF,Rickard,Joey,15,2,1,0,0,1,0.133,2,4,0,0,0.235,0.200,0.435
NL,SF,Robertson,Daniel,58,16,2,0,1,6,0.276,7,16,0,0,0.364,0.362,0.726
NL,SF,Ruf,Darin,246,64,15,0,11,38,0.260,27,69,1,0,0.341,0.455,0.796
NL,SF,Slater,Austin,250,65,8,2,11,26,0.260,35,72,13,2,0.362,0.440,0.802
NL,SF,Smoak,Justin,321,66,17,0,15,46,0.206,40,102,0,0,0.299,0.399,0.698
NL,SF,Solano,Donovan,528,160,36,1,7,68,0.303,31,103,0,0,0.346,0.415,0.761
NL,SF,Tromp,Chadwick,167,36,6,0,7,21,0.216,8,48,0,0,0.247,0.377,0.624
NL,SF,Yastrzemski,Mike,548,149,34,7,26,83,0.272,70,159,7,4,0.361,0.502,0.863
NL,WN,Bonifacio,Emilio,8,1,0,0,0,0,0.125,0,3,0,1,0.125,0.125,0.250
NL,WN,Cabrera,Asdrubal,528,134,27,3,21,84,0.254,54,115,2,0,0.320,0.436,0.756
NL,WN,Castro,Starlin,165,46,8,1,5,18,0.279,9,33,1,0,0.320,0.430,0.750
NL,WN,Difo,Wilmer,43,8,1,0,0,4,0.186,5,11,1,0,0.255,0.209,0.464
NL,WN,Eaton,Adam,434,111,25,3,10,46,0.256,38,87,10,2,0.326,0.396,0.722
NL,WN,Garcia (WAS),Luis,370,99,17,1,5,39,0.268,14,71,5,3,0.298,0.359,0.657
NL,WN,Gomes,Yan,302,77,17,1,11,38,0.255,20,72,1,0,0.302,0.427,0.729
NL,WN,Harrison,Josh,228,60,9,1,8,30,0.263,13,41,5,3,0.318,0.417,0.735
NL,WN,Hernandez,Yadiel,71,17,5,0,3,12,0.239,5,24,1,0,0.278,0.437,0.715
NL,WN,Holt,Brock,260,63,13,1,0,23,0.242,27,63,4,1,0.320,0.300,0.620
NL,WN,Kendrick,Howie,254,73,14,0,8,36,0.287,20,47,2,1,0.337,0.437,0.774
NL,WN,Kieboom,Carter,290,64,10,1,5,32,0.221,40,87,2,2,0.326,0.314,0.640
NL,WN,Noll,Jake,46,13,2,0,1,3,0.283,1,11,0,0,0.298,0.391,0.689
NL,WN,Robles,Victor,470,112,21,3,9,52,0.238,28,131,18,6,0.304,0.353,0.657
NL,WN,Soto,Juan,441,144,33,2,32,99,0.327,103,90,11,4,0.457,0.628,1.085
NL,WN,Stevenson,Andrew,118,34,10,2,3,19,0.288,11,33,4,1,0.359,0.483,0.842
NL,WN,Suzuki,Kurt,322,86,21,0,11,51,0.267,28,49,1,0,0.337,0.435,0.772
NL,WN,Taylor,Michael,255,53,15,1,9,36,0.208,19,84,7,3,0.268,0.380,0.648
NL,WN,Thames,Eric,341,75,15,1,13,42,0.220,41,119,3,1,0.316,0.384,0.700
NL,WN,Turner,Trea,650,201,37,9,27,97,0.309,59,118,38,11,0.368,0.518,0.886
,,,,,,,,,,,,,,,,,
,,,,,,,,,,,,,,,,,
,,,,,,,,,,,,,,,,,
,,,,,,,,,,,,,,,,,